fold,train_loss,valid_loss,min_valid_loss,fold_MSE_valid,fold_MAE_valid,test_MSE,test_MAE,test_qloss,fold_qloss_valid,min_valid_e
f_1,0.471955724991858,0.45267346501350403,0.4508814997971058,0.06762569530516405,0.17981866229467242,0.11001930722958235,0.2085016808459253,0.49803765769578806,0.45267345877648346,10
f_2,0.45947111025452614,0.48902520909905434,0.4887424483895302,0.10703554267189101,0.21093691760889888,0.1127094906994601,0.214898602917625,0.49776579931334863,0.4890252249247785,28
f_3,0.4609206076711416,0.4791899472475052,0.476544551551342,0.09919815415173161,0.2149740662743792,0.13420380399294973,0.2293377604080555,0.4991044858186161,0.47918994336775184,32
f_4,0.4711651597172022,0.45454319193959236,0.4531754441559315,0.08123514598530827,0.18297298483183846,0.11313548014507503,0.20849779686942568,0.49698890320115496,0.45454319171068325,16
aggr,NA,0.4688811084802153,NA,0.08880388909107503,0.19720048893335965,0.11111578846612517,0.2044943698740204,0.49748427634050285,0.4688811084802153,NA
