fold,train_loss,valid_loss,min_valid_loss,test_qloss,fold_qloss_valid,min_valid_e
f_1,1.3105892473831773,2.6331159099936485,2.577683687210083,2.7290526481693664,2.633115900659672,148
f_2,1.4902869127690792,2.317468635737896,2.2875712886452675,2.6962232621580307,2.317468614788372,148
f_3,1.9946997854858637,2.20424703322351,2.2028710823506117,2.6711272271895723,2.2042469821217714,996
f_4,1.9492372823879123,2.12296349555254,2.1196305751800537,2.772567655731391,2.1229634508295874,992
aggr,NA,2.3191756928526277,NA,2.553934305438515,2.3191756928526277,NA
