fold,train_loss,valid_loss,min_valid_loss,fold_MSE_valid,fold_MAE_valid,test_MSE,test_MAE,test_qloss,fold_qloss_valid,min_valid_e
f_1,0.3160506575368345,0.30103443190455437,0.300395242869854,0.10933653152944287,0.2351363795624191,0.20114041234205748,0.2767290922367638,0.3307488169542163,0.3010344281918773,21
f_2,0.3034610338509083,0.33488021045923233,0.33421988412737846,0.20742459764995597,0.29511504145264683,0.21306059847538755,0.2890565953844485,0.3316828565303491,0.33488020523303186,23
f_3,0.3109617196023464,0.31050175800919533,0.3103434629738331,0.1204099793327327,0.23423929658857712,0.20548545289629994,0.26249544090172083,0.33091851067109834,0.310501763208958,50
f_4,0.3140703630633652,0.3070346750319004,0.3057221733033657,0.12003396611062594,0.21414411309673853,0.19094931257782582,0.24964347842871001,0.3309036819431329,0.30703468216974744,13
aggr,NA,0.3133804068132199,NA,0.13934413666302306,0.24467233046209494,0.19524270378374864,0.2585167864310391,0.3307209915703761,0.3133804068132199,NA
