fold,train_loss,valid_loss,min_valid_loss,fold_MSE_valid,fold_MAE_valid,test_MSE,test_MAE,test_qloss,fold_qloss_valid,min_valid_e
f_1,0.5533981742337346,0.5271732956171036,0.5261449627578259,0.05380097711946135,0.16092770625739197,0.0773718849700225,0.1847129553023368,0.5900939572724374,0.527173296785454,21
f_2,0.538883444853127,0.5684626251459122,0.5680865868926048,0.08072979282067826,0.18009698876227742,0.08468547469692128,0.1859146636205838,0.589501234262077,0.568462640331684,34
f_3,0.538425587117672,0.5675870478153229,0.5663974657654762,0.07198283390853437,0.18238980624135248,0.08927432263194703,0.19161993336394723,0.5906797473239505,0.5675870426252437,27
f_4,0.5516487052664161,0.5281211361289024,0.5276850834488869,0.05353881847933119,0.15145328075466344,0.07053996694194994,0.17467278057342855,0.5885678787738562,0.5281211330037655,33
aggr,NA,0.5478655886034196,NA,0.06502914582300635,0.1687280889077075,0.07729198084843661,0.1798419587681667,0.5894576186900063,0.5478655886034196,NA
