fold,train_loss,valid_loss,min_valid_loss,fold_MSE_valid,fold_MAE_valid,test_MSE,test_MAE,test_qloss,fold_qloss_valid,min_valid_e
f_1,0.404999827966094,0.38851355761289597,0.3881351463496685,0.06750886479111054,0.17795410533142347,0.12810290974065225,0.21411372075932297,0.42491285284627295,0.3885135545741383,23
f_2,0.3930754754692316,0.4233231022953987,0.42320600524544716,0.1300203412410298,0.22708400157226186,0.13181557210594635,0.22431622176174407,0.4253707658960252,0.42332309903606846,52
f_3,0.39811557717621326,0.40505287423729897,0.40469006821513176,0.089889013713811,0.2089891774087014,0.14492150683928953,0.231173257650068,0.42541662434237715,0.4050528675291522,45
f_4,0.4035163186490536,0.3930811919271946,0.39179690182209015,0.09871843490060483,0.20184786275589556,0.13990048196850632,0.22975328663143205,0.4252665926549557,0.39308117873969356,11
aggr,NA,0.40251267371138777,NA,0.09657568769435797,0.20400600376483258,0.13135268055081994,0.21634045451043843,0.4249862774397239,0.40251267371138777,NA
