fold,train_loss,valid_loss,min_valid_loss,fold_MSE_valid,fold_MAE_valid,test_MSE,test_MAE,test_qloss,fold_qloss_valid,min_valid_e
f_1,0.5201521748676896,0.4961518123745918,0.494536604732275,0.06210084847740524,0.17372280374896884,0.09273395945316654,0.20017842872084105,0.5526486590931741,0.49615179970171897,8
f_2,0.504911039955914,0.536455400288105,0.5353737249970436,0.09872640844909542,0.20160366150223072,0.10304075900658963,0.2056132869165167,0.55168408051708,0.5364553981505454,23
f_3,0.506833553314209,0.5315118320286274,0.5302945300936699,0.08029044913501988,0.19360916911521092,0.10556734797051243,0.2066499089503916,0.5530733799685185,0.5315118240307077,19
f_4,0.518743360415101,0.49787552282214165,0.49704938009381294,0.06847819777797672,0.17007640426554346,0.09156937935078957,0.1941797567166378,0.5513537788413341,0.49787551719351747,20
aggr,NA,0.5155263126447553,NA,0.07742086169303951,0.18476878963782972,0.09311500521172959,0.1938407768875289,0.5518716645412732,0.5155263126447553,NA
