fold,train_loss,valid_loss,min_valid_loss,fold_MSE_valid,fold_MAE_valid,test_MSE,test_MAE,test_qloss,fold_qloss_valid,min_valid_e
f_1,0.19296098174527287,0.1845578234642744,0.18425695598125458,0.13591670413593573,0.2656642321436833,0.25604699323599633,0.3161686845791986,0.2024427524147729,0.18455782121331582,41
f_2,0.18407205026596785,0.21170995384454727,0.210567444562912,0.364687871407384,0.37330911666625505,0.37347806207735745,0.3629059432306571,0.20439899339486914,0.2117099627933445,33
f_3,0.19123189058154821,0.18530897423624992,0.18515397049486637,0.17186549561019615,0.29381097447035637,0.28313795678144155,0.32284901917250836,0.20281652038791384,0.18530896517361917,43
f_4,0.19255378446541727,0.1885739527642727,0.18794165179133415,0.18242792646576897,0.26539957841250156,0.3030596238970644,0.3093812175701168,0.20214973303788367,0.18857394911142036,22
aggr,NA,0.19254909067215187,NA,0.2138358124166508,0.29959444715893513,0.28774768314683835,0.3109517122744161,0.2025413670352114,0.19254909067215187,NA
